Issue Date,Violation,Street,Location,Discounted Fine,Full Fine,Point
15-Nov-21,P17Too close to a traffic sign,Mayfair PL,"(49.8822, -97.1381)",52.5,70,
15-Nov-21,P17Too close to a traffic sign,Wentworth ST,"(49.8714, -97.1612)",52.5,70,
15-Nov-21,P16No Park,LOT128-960 THOMAS,"(49.8987, -97.0846)",52.5,70,
15-Nov-21,P13Fire Hydrant,Lloyd ST,"(49.873, -97.1171)",75,100,
15-Nov-21,P04Oversized Vehicle,Haggart AVE,"(49.9497, -97.2169)",52.5,70,
15-Nov-21,P04Oversized Vehicle,Haggart AVE,"(49.9498, -97.2169)",52.5,70,
15-Nov-21,P04Oversized Vehicle,Haggart AVE,"(0.0, 0.0)",52.5,70,
15-Nov-21,P04Oversized Vehicle,Haggart AVE,"(0.0, 0.0)",52.5,70,
15-Nov-21,P04Oversized Vehicle,Haggart AVE,"(49.9498, -97.2187)",52.5,70,
15-Nov-21,MP03-Rush Hour,Keewatin ST,,75,100,
15-Nov-21,MP16-No Park,William AVE W,,52.5,70,
15-Nov-21,P03Rush Hour,Osborne ST,"(49.8685, -97.1371)",75,100,
15-Nov-21,P03Rush Hour,Osborne ST,"(49.8624, -97.1323)",75,100,
15-Nov-21,MP06-No Stop,Logan AVE,,52.5,70,
15-Nov-21,MP16-No Park,William AVE W,,52.5,70,
15-Nov-21,P03Rush Hour,St Mary AVE,"(49.8896, -97.146)",75,100,
15-Nov-21,P03Rush Hour,Smith ST,"(49.8905, -97.1401)",75,100,
15-Nov-21,MP24-Wrong Direction,Fairlane AVE,,52.5,70,
15-Nov-21,MP06-No Stop,Nathaniel ST,,52.5,70,
15-Nov-21,MP06-No Stop,Nathaniel ST,,52.5,70,
15-Nov-21,MP06-No Stop,Sherbrook ST,,52.5,70,
15-Nov-21,P06No Stop,William Stephenson WAY,"(49.8935, -97.1373)",52.5,70,
15-Nov-21,MP06-No Stop,Burland AVE,,52.5,70,
15-Nov-21,MP06-No Stop,Burland AVE,,52.5,70,
15-Nov-21,P16No Park,Ronald ST,,52.5,70,
15-Nov-21,MP06-No Stop,Burland AVE,,52.5,70,
15-Nov-21,P16No Park,Lily ST,"(49.899, -97.1365)",52.5,70,
15-Nov-21,MP06-No Stop,Clifton ST,,52.5,70,
15-Nov-21,P04Oversized Vehicle,Haggart AVE,"(49.9504, -97.2229)",52.5,70,
15-Nov-21,P06No Stop,Sherbrook ST,"(49.9037, -97.1558)",52.5,70,
15-Nov-21,P12L/Z Overtime,Smith ST,"(0.0, 0.0)",52.5,70,
15-Nov-21,P04Oversized Vehicle,Haggart AVE,"(0.0, 0.0)",52.5,70,
15-Nov-21,P09Too close/in an intersection,Moncton AVE,"(49.912, -97.0659)",75,100,
15-Nov-21,P04Oversized Vehicle,Haggart AVE,"(0.0, 0.0)",52.5,70,
15-Nov-21,MP06-No Stop,Burland AVE,,52.5,70,
15-Nov-21,MP06-No Stop,Dollard BLVD,,52.5,70,
15-Nov-21,P12L/Z Overtime,Vaughan ST,"(49.8914, -97.1497)",52.5,70,
15-Nov-21,P05Overtime,Furby ST,,52.5,70,
15-Nov-21,P06No Stop,Henderson HWY,"(49.938, -97.0923)",52.5,70,
15-Nov-21,P01Meter Expired,LOT105-1539 WAVERLY,,45,60,
15-Nov-21,P05Overtime,Furby ST,,52.5,70,
15-Nov-21,P05Overtime,Furby ST,,52.5,70,
15-Nov-21,P01Meter Expired,LOT105-1539 WAVERLY,,45,60,
15-Nov-21,P05Overtime,Furby ST,,52.5,70,
15-Nov-21,P01Meter Expired,LOT105-1539 WAVERLY,,45,60,
15-Nov-21,P05Overtime,Furby ST,,52.5,70,
15-Nov-21,P13Fire Hydrant,Partridge AVE,"(49.9445, -97.1236)",75,100,
15-Nov-21,MP22-Wrong side of Rd,Kitson ST,,52.5,70,
15-Nov-21,MP06-No Stop,Broadway,,52.5,70,
15-Nov-21,MP16-No Park,Furby ST,,52.5,70,
15-Nov-21,MP24-Wrong Direction,Valour RD,,52.5,70,
15-Nov-21,MP06-No Stop,Saulteaux CRES,,52.5,70,
15-Nov-21,P05Overtime,Furby ST,,52.5,70,
15-Nov-21,P05Overtime,Furby ST,,52.5,70,
15-Nov-21,P13Fire Hydrant,Hargrave ST,"(49.8901, -97.1445)",75,100,
15-Nov-21,MP20-Parked on a Boulevard,Booth DR,,52.5,70,
15-Nov-21,MP06-No Stop,Booth DR,,52.5,70,
15-Nov-21,MP16-No Park,Booth DR,,52.5,70,
15-Nov-21,MP06-No Stop,Ronald ST,,52.5,70,
15-Nov-21,P05Overtime,Furby ST,,52.5,70,
15-Nov-21,P30Designated space,Edmonton ST,"(49.8922, -97.1461)",225,300,
15-Nov-21,P12L/Z Overtime,Sara AVE,"(49.8838, -97.1591)",52.5,70,
15-Nov-21,P14Improperly Parking,James AVE,"(0.0, 0.0)",52.5,70,
15-Nov-21,P05Overtime,Belvidere ST,,52.5,70,
15-Nov-21,P64No Stop/Park in a taxi stand,St Mary AVE,"(49.8898, -97.1474)",52.5,70,
15-Nov-21,MP24-Wrong Direction,Woodlawn ST,,52.5,70,
15-Nov-21,P05Overtime,Duffield ST,,52.5,70,
15-Nov-21,MP23-Double Parked,Colony ST,,52.5,70,
15-Nov-21,MP06-No Stop,Portage Ave.,,52.5,70,
15-Nov-21,P06No Stop,Lombard AVE,"(49.8962, -97.1373)",52.5,70,
15-Nov-21,MP06-No Stop,Sherbrook ST,,52.5,70,
15-Nov-21,MP16-No Park,Sherbrook ST,,52.5,70,
15-Nov-21,MP24-Wrong Direction,West Gate,,52.5,70,
15-Nov-21,P12L/Z Overtime,Edmonton ST,"(49.8959, -97.1491)",52.5,70,
15-Nov-21,MP06-No Stop,Portage Ave.,,52.5,70,
15-Nov-21,P01Meter Expired,Webb PL,"(49.8928, -97.1516)",45,60,
15-Nov-21,P02Meter Overtime,Portage Ave.,"(49.8915, -97.1492)",52.5,70,
15-Nov-21,P05Overtime,Jefferson AVE,"(0.0, 0.0)",52.5,70,
15-Nov-21,MP24-Wrong Direction,Moorgate ST,,52.5,70,
15-Nov-21,MP06-No Stop,Roblin BLVD,,52.5,70,
15-Nov-21,P05Overtime,Jefferson AVE,"(49.9607, -97.1838)",52.5,70,
15-Nov-21,P05Overtime,Vale PL,,52.5,70,
15-Nov-21,MP06-No Stop,Saulteaux CRES,,52.5,70,
15-Nov-21,MP06-No Stop,Sherbrook ST,,52.5,70,
15-Nov-21,P01Meter Expired,Kennedy ST,"(49.8877, -97.1459)",45,60,
15-Nov-21,P13Fire Hydrant,Buchanan BLVD,,75,100,
15-Nov-21,P05Overtime,Valde AVE,,52.5,70,
15-Nov-21,MP06-No Stop,Buchanan BLVD,,52.5,70,
15-Nov-21,P01Meter Expired,Kennedy ST,"(49.887, -97.1455)",45,60,
15-Nov-21,MP24-Wrong Direction,Morgan CRES,,52.5,70,
15-Nov-21,P05Overtime,Valde AVE,,52.5,70,
15-Nov-21,P05Overtime,Valde AVE,,52.5,70,
15-Nov-21,MP06-No Stop,Balmoral ST,,52.5,70,
15-Nov-21,P01Meter Expired,Rupert AVE,"(49.9013, -97.1392)",45,60,
15-Nov-21,P01Meter Expired,LOT140-421 OSBORNE ST,,45,60,
15-Nov-21,P02Meter Overtime,Rupert AVE,"(49.9011, -97.1384)",52.5,70,
15-Nov-21,P06No Stop,Eccles ST,,52.5,70,
15-Nov-21,P02Meter Overtime,Kennedy ST,"(49.8871, -97.1457)",52.5,70,
15-Nov-21,P01Meter Expired,Waterfront DR,"(49.8989, -97.1325)",45,60,
15-Nov-21,MP22-Wrong side of Rd,Arden AVE,,52.5,70,
15-Nov-21,P30Designated space,Rorie ST,"(0.0, 0.0)",225,300,
15-Nov-21,P01Meter Expired,Kennedy ST,"(49.8868, -97.1453)",45,60,
15-Nov-21,P05Overtime,Edmonton ST,"(49.8978, -97.15)",52.5,70,
15-Nov-21,MP06-No Stop,Dieppe RD,,52.5,70,
15-Nov-21,P05Overtime,Notre Dame AVE,"(49.8971, -97.1461)",52.5,70,
15-Nov-21,P06No Stop,Lombard AVE,"(49.8958, -97.1363)",52.5,70,
15-Nov-21,MP06-No Stop,Dieppe RD,,52.5,70,
15-Nov-21,P05Overtime,Edmonton ST,"(49.8978, -97.148)",52.5,70,
15-Nov-21,MP06-No Stop,Dieppe RD,,52.5,70,
15-Nov-21,P03Rush Hour,Smith ST,"(49.8932, -97.1412)",75,100,
15-Nov-21,MP03-Rush Hour,Keewatin ST,,75,100,
15-Nov-21,P03Rush Hour,King ST,"(49.8989, -97.1404)",75,100,
15-Nov-21,MP03-Rush Hour,Keewatin ST,,75,100,
15-Nov-21,P03Rush Hour,Donald ST,"(49.8943, -97.144)",75,100,
15-Nov-21,MP06-No Stop,Dieppe RD,,52.5,70,
15-Nov-21,P03Rush Hour,Donald ST,"(49.8943, -97.144)",75,100,
15-Nov-21,MP03-Rush Hour,Keewatin ST,,75,100,
15-Nov-21,P03Rush Hour,St Mary AVE,"(49.889, -97.1485)",75,100,
15-Nov-21,P03Rush Hour,McDermot AVE,"(49.8969, -97.1394)",75,100,
15-Nov-21,P06No Stop,Sage Creek BLVD,,52.5,70,
15-Nov-21,P03Rush Hour,Smith ST,"(0.0, 0.0)",75,100,
15-Nov-21,P03Rush Hour,King ST,"(49.8988, -97.1404)",75,100,
15-Nov-21,P03Rush Hour,York AVE,"(49.8882, -97.1469)",75,100,
15-Nov-21,P03Rush Hour,Henderson HWY,"(0.0, 0.0)",75,100,
15-Nov-21,MP06-No Stop,Sage Creek BLVD,,52.5,70,
15-Nov-21,P03Rush Hour,York AVE,"(49.8881, -97.1458)",75,100,
15-Nov-21,MP06-No Stop,Sage Creek BLVD,,52.5,70,
15-Nov-21,P03Rush Hour,Broadway,"(49.8868, -97.1442)",75,100,
15-Nov-21,P03Rush Hour,Fort ST,"(49.8882, -97.1361)",75,100,
15-Nov-21,P03Rush Hour,Notre Dame AVE,"(49.8953, -97.1399)",75,100,
15-Nov-21,MP03-Rush Hour,Keewatin ST,,75,100,
15-Nov-21,P05Overtime,Edmonton ST,"(49.8982, -97.15)",52.5,70,
15-Nov-21,P30Designated space,Spence ST,"(49.8925, -97.1538)",225,300,
15-Nov-21,P30Designated space,Graham AVE,"(49.8909, -97.1473)",225,300,
15-Nov-21,P03Rush Hour,Redwood AVE,"(49.9184, -97.1342)",75,100,
15-Nov-21,P03Rush Hour,Sherbrook ST,,75,100,
15-Nov-21,MP06-No Stop,Bishop Grandin BLVD,,52.5,70,
15-Nov-21,MP06-No Stop,Bishop Grandin BLVD,,52.5,70,
15-Nov-21,P14Improperly Parking,Home ST,,52.5,70,
15-Nov-21,P06No Stop,River AVE,"(0.0, 0.0)",52.5,70,
15-Nov-21,P04Oversized Vehicle,Deerfield PL,"(49.8544, -97.3208)",52.5,70,
15-Nov-21,P17Too close to a traffic sign,Boyd AVE,"(49.9224, -97.1444)",52.5,70,
15-Nov-21,P15Alley,Alley,"(49.9268, -97.1365)",52.5,70,
15-Nov-21,P30Designated space,Lombard AVE,,225,300,
15-Nov-21,P21Obstructing- vehicle,Madrill CLOSE,"(49.9475, -97.1782)",75,100,
15-Nov-21,P06No Stop,Kenaston BLVD,"(49.8236, -97.2033)",52.5,70,
15-Nov-21,MP06-No Stop,Cumberland AVE,,52.5,70,
15-Nov-21,MP24-Wrong Direction,Bannatyne AVE,,52.5,70,
15-Nov-21,MP06-No Stop,Bannatyne AVE,,52.5,70,
15-Nov-21,MP06-No Stop,Sherbrook ST,,52.5,70,
15-Nov-21,P06No Stop,William AVE,,52.5,70,
15-Nov-21,MP06-No Stop,Hargrave ST,,52.5,70,
16-Nov-21,P13Fire Hydrant,Good ST,"(49.8892, -97.1518)",75,100,
16-Nov-21,P12L/Z Overtime,Arundel RD,"(0.0, 0.0)",52.5,70,
16-Nov-21,P12L/Z Overtime,Arundel RD,"(0.0, 0.0)",52.5,70,
16-Nov-21,P20Parked on a Boulevard,Powers ST,"(49.939, -97.1256)",52.5,70,
16-Nov-21,P20Parked on a Boulevard,Powers ST,"(49.939, -97.1258)",52.5,70,
16-Nov-21,P13Fire Hydrant,Partridge AVE,"(49.9444, -97.1232)",75,100,
16-Nov-21,P17Too close to a traffic sign,Powers ST,"(0.0, 0.0)",52.5,70,
16-Nov-21,P16No Park,Shahi ST,"(49.772, -97.1738)",52.5,70,
16-Nov-21,P17Too close to a traffic sign,Royal AVE,"(49.9426, -97.1226)",52.5,70,
16-Nov-21,MP06-No Stop,Shahi ST,,52.5,70,
16-Nov-21,P17Too close to a traffic sign,Burrin AVE,"(49.9425, -97.1261)",52.5,70,
16-Nov-21,P13Fire Hydrant,Herbert AVE,"(49.9303, -97.1253)",75,100,
16-Nov-21,P04Oversized Vehicle,Point West WAY,"(49.7757, -97.174)",52.5,70,
16-Nov-21,MP16-No Park,William AVE W,,52.5,70,
16-Nov-21,P16No Park,Langside ST,"(49.8855, -97.1567)",52.5,70,
16-Nov-21,MP03-Rush Hour,Keewatin ST,,75,100,
16-Nov-21,MP23-Double Parked,William AVE W,,52.5,70,
16-Nov-21,MP16-No Park,William AVE W,,52.5,70,
16-Nov-21,P03Rush Hour,Notre Dame AVE,"(49.9139, -97.1923)",75,100,
16-Nov-21,P03Rush Hour,Corydon AVE,"(49.8729, -97.1471)",75,100,
16-Nov-21,MP06-No Stop,McDermot AVE,,52.5,70,
16-Nov-21,P13Fire Hydrant,Hargrave ST,"(49.886, -97.1407)",75,100,
16-Nov-21,MP06-No Stop,Chancellor DR,,52.5,70,
16-Nov-21,MP24-Wrong Direction,Blue Lake BAY,,52.5,70,
16-Nov-21,P03Rush Hour,Sherbrook ST,"(0.0, 0.0)",75,100,
16-Nov-21,MP06-No Stop,Bannatyne AVE,,52.5,70,
16-Nov-21,MP06-No Stop,McDermot AVE,,52.5,70,
16-Nov-21,MP06-No Stop,McDermot AVE,,52.5,70,
16-Nov-21,MP16-No Park,Daer BLVD,,52.5,70,
16-Nov-21,P03Rush Hour,William AVE,"(0.0, 0.0)",75,100,
16-Nov-21,MP06-No Stop,Chancellor DR,,52.5,70,
16-Nov-21,MP06-No Stop,Leighton AVE,,52.5,70,
16-Nov-21,MP06-No Stop,Leighton AVE,,52.5,70,
16-Nov-21,MP06-No Stop,McBey AVE,,52.5,70,
16-Nov-21,P03Rush Hour,St Mary AVE,"(49.8897, -97.1467)",75,100,
16-Nov-21,MP06-No Stop,Chancellor DR,,52.5,70,
16-Nov-21,MP06-No Stop,Chancellor DR,,52.5,70,
16-Nov-21,MP06-No Stop,Chancellor DR,,52.5,70,
16-Nov-21,MP06-No Stop,Chancellor DR,,52.5,70,
16-Nov-21,MP06-No Stop,Chancellor DR,,52.5,70,
16-Nov-21,MP06-No Stop,Chancellor DR,,52.5,70,
16-Nov-21,MP06-No Stop,Chancellor DR,,52.5,70,
16-Nov-21,MP06-No Stop,Chancellor DR,,52.5,70,
16-Nov-21,P06No Stop,Colony ST,,52.5,70,
16-Nov-21,MP06-No Stop,Chancellor DR,,52.5,70,
16-Nov-21,MP24-Wrong Direction,Lark ST,,52.5,70,
16-Nov-21,P17Too close to a traffic sign,Lark ST,,52.5,70,
16-Nov-21,MP24-Wrong Direction,McLeod AVE,,52.5,70,
16-Nov-21,P19Crosswalk (MRKD/UNMRKD),Neptune BAY,,52.5,70,
16-Nov-21,P14Improperly Parking,Albert ST,"(49.8957, -97.1405)",52.5,70,
16-Nov-21,MP06-No Stop,Alverstone ST,,52.5,70,
16-Nov-21,P06No Stop,Templeton AVE,,52.5,70,
16-Nov-21,MP06-No Stop,RUE DESPINS ST,,52.5,70,
16-Nov-21,MP16-No Park,Langside ST,,52.5,70,
16-Nov-21,P17Too close to a traffic sign,Wolever AVE,,52.5,70,
16-Nov-21,MP06-No Stop,Saulteaux CRES,,52.5,70,
16-Nov-21,MP06-No Stop,Saulteaux CRES,,52.5,70,
16-Nov-21,MP24-Wrong Direction,Ashburn ST,,52.5,70,
16-Nov-21,P13Fire Hydrant,Smith ST,"(49.8916, -97.1413)",75,100,
16-Nov-21,P01Meter Expired,Assiniboine AVE,"(0.0, 0.0)",45,60,
16-Nov-21,P21Obstructing- vehicle,Golf BLVD,,75,100,
16-Nov-21,P14Improperly Parking,RUE LAURIER ST,,52.5,70,
16-Nov-21,P62Veh.on priv.prop-Rule__,Lavender BAY,"(49.9596, -97.1808)",75,100,
16-Nov-21,P14Improperly Parking,RUE LAURIER ST,,52.5,70,
16-Nov-21,P14Improperly Parking,RUE LAURIER ST,,52.5,70,
16-Nov-21,P14Improperly Parking,RUE LAURIER ST,,52.5,70,
16-Nov-21,P01Meter Expired,Edmonton ST,"(49.8874, -97.1444)",45,60,
16-Nov-21,MP06-No Stop,Alexander AVE,,52.5,70,
16-Nov-21,P14Improperly Parking,RUE LAURIER ST,,52.5,70,
16-Nov-21,P14Improperly Parking,RUE LAURIER ST,,52.5,70,
16-Nov-21,P14Improperly Parking,RUE LAURIER ST,,52.5,70,
16-Nov-21,P14Improperly Parking,RUE LAURIER ST,,52.5,70,
16-Nov-21,MP06-No Stop,Bruce AVE,,52.5,70,
16-Nov-21,P01Meter Expired,Carlton ST,"(49.8878, -97.1433)",45,60,
16-Nov-21,P14Improperly Parking,RUE LAURIER ST,,52.5,70,
16-Nov-21,P14Improperly Parking,RUE LAURIER ST,,52.5,70,
16-Nov-21,P01Meter Expired,Carlton ST,"(49.888, -97.1432)",45,60,
16-Nov-21,P14Improperly Parking,RUE LAURIER ST,,52.5,70,
16-Nov-21,P14Improperly Parking,RUE LAURIER ST,,52.5,70,
16-Nov-21,P14Improperly Parking,RUE LAURIER ST,,52.5,70,
16-Nov-21,P06No Stop,Adsum DR,"(49.9552, -97.1654)",52.5,70,
16-Nov-21,P14Improperly Parking,RUE LAURIER ST,,52.5,70,
16-Nov-21,P21Obstructing- vehicle,Alley,,75,100,
16-Nov-21,P14Improperly Parking,RUE LAURIER ST,,52.5,70,
16-Nov-21,P14Improperly Parking,RUE LAURIER ST,,52.5,70,
16-Nov-21,P62Veh.on priv.prop-Rule__,Cornwall AVE,,75,100,
16-Nov-21,P13Fire Hydrant,St Mary AVE,"(49.8905, -97.1428)",75,100,
16-Nov-21,P01Meter Expired,Hargrave ST,"(49.8906, -97.1433)",45,60,
16-Nov-21,P13Fire Hydrant,Hargrave ST,"(0.0, 0.0)",75,100,
16-Nov-21,P06No Stop,Carlton ST,"(49.8904, -97.1445)",52.5,70,
16-Nov-21,P05Overtime,Duffield ST,,52.5,70,
16-Nov-21,P06No Stop,Bole ST,,52.5,70,
16-Nov-21,P05Overtime,Belvidere ST,,52.5,70,
16-Nov-21,P05Overtime,Templeton AVE,"(49.9476, -97.1148)",52.5,70,
16-Nov-21,P05Overtime,Furby ST,,52.5,70,
16-Nov-21,P05Overtime,Woodlawn ST,,52.5,70,
16-Nov-21,P05Overtime,Templeton AVE,"(0.0, 0.0)",52.5,70,
16-Nov-21,P05Overtime,Templeton AVE,"(49.9467, -97.1122)",52.5,70,
16-Nov-21,MP16-No Park,Sherburn ST,,52.5,70,
16-Nov-21,P06No Stop,Garry ST,"(49.8919, -97.1391)",52.5,70,
16-Nov-21,P05Overtime,Dominion ST,,52.5,70,
16-Nov-21,P05Overtime,Margaret AVE,"(49.9475, -97.1122)",52.5,70,
16-Nov-21,P05Overtime,Dominion ST,,52.5,70,
16-Nov-21,P62Veh.on priv.prop-Rule__,Reay CRES,"(49.922, -97.0701)",75,100,
16-Nov-21,MP06-No Stop,Portage Ave.,,52.5,70,
16-Nov-21,P05Overtime,Qu'appelle AVE,"(49.8952, -97.1493)",52.5,70,
16-Nov-21,MP06-No Stop,Templeton AVE,,52.5,70,
16-Nov-21,MP26-Fire Lane,McPhillips ST,,225,300,
16-Nov-21,P05Overtime,Qu'appelle AVE,"(49.8947, -97.1515)",52.5,70,
16-Nov-21,P62Veh.on priv.prop-Rule__,BOUL VILLENEUVE BLVD,,75,100,
16-Nov-21,P01Meter Expired,LOT26-821 ELGIN,,45,60,
16-Nov-21,MP06-No Stop,Portage Ave.,,52.5,70,
16-Nov-21,MP06-No Stop,Sherbrook ST,,52.5,70,
16-Nov-21,MP06-No Stop,Sherbrook ST,,52.5,70,
16-Nov-21,MP06-No Stop,Saulteaux CRES,,52.5,70,
16-Nov-21,MP06-No Stop,Wolseley AVE,,52.5,70,
16-Nov-21,P06No Stop,Carlton ST,"(49.8904, -97.1445)",52.5,70,
16-Nov-21,MP06-No Stop,Palmerston AVE,,52.5,70,
16-Nov-21,P13Fire Hydrant,Partridge AVE,"(49.9439, -97.1213)",75,100,
16-Nov-21,P13Fire Hydrant,Hargrave ST,"(49.8907, -97.1433)",75,100,
16-Nov-21,P13Fire Hydrant,Hargrave ST,"(0.0, 0.0)",75,100,
16-Nov-21,P06No Stop,St Matthews AVE,,52.5,70,
16-Nov-21,P04Oversized Vehicle,Mabel ST,,52.5,70,
16-Nov-21,P05Overtime,Garfield ST N,,52.5,70,
16-Nov-21,P05Overtime,Garfield ST N,,52.5,70,
16-Nov-21,P05Overtime,Garfield ST N,,52.5,70,
16-Nov-21,P13Fire Hydrant,Beresford AVE,,75,100,
16-Nov-21,P01Meter Expired,Webb PL,"(49.8927, -97.1511)",45,60,
16-Nov-21,P54Abandoned/derelict,Wardlaw AVE,,225,300,
16-Nov-21,P02Meter Overtime,Adelaide ST,"(49.8987, -97.1434)",52.5,70,
16-Nov-21,MP06-No Stop,Bannatyne AVE,,52.5,70,
16-Nov-21,MP06-No Stop,Bannatyne AVE,,52.5,70,
16-Nov-21,P13Fire Hydrant,Corydon AVE,,75,100,
16-Nov-21,P01Meter Expired,Wesley AVE,"(49.8929, -97.1367)",45,60,
16-Nov-21,MP24-Wrong Direction,Furby ST,,52.5,70,
16-Nov-21,P16No Park,Corydon AVE,,52.5,70,
16-Nov-21,MP06-No Stop,McDermot AVE,,52.5,70,
16-Nov-21,P06No Stop,Fort ST,"(49.8926, -97.1385)",52.5,70,
16-Nov-21,P06No Stop,Corydon AVE,,52.5,70,
16-Nov-21,MP06-No Stop,Bannatyne AVE,,52.5,70,
16-Nov-21,P01Meter Expired,LOT117-106 Israel Asper Way,"(49.8922, -97.1343)",45,60,
16-Nov-21,MP20-Parked on a Boulevard,Boyd AVE,,52.5,70,
16-Nov-21,P04Oversized Vehicle,Aldgate RD,,52.5,70,
16-Nov-21,P04Oversized Vehicle,Haggart AVE,,52.5,70,
16-Nov-21,P04Oversized Vehicle,Haggart AVE,,52.5,70,
16-Nov-21,MP24-Wrong Direction,Adsum DR,,52.5,70,
16-Nov-21,MP06-No Stop,Doubleday DR,,52.5,70,
16-Nov-21,P01Meter Expired,Donald ST,"(49.8959, -97.1439)",45,60,
16-Nov-21,P02Meter Overtime,Donald ST,"(49.8961, -97.1439)",52.5,70,
16-Nov-21,P06No Stop,Lombard AVE,"(49.8953, -97.1365)",52.5,70,
16-Nov-21,MP06-No Stop,Shamrock DR,,52.5,70,
16-Nov-21,P03Rush Hour,Donald ST,"(49.8947, -97.1442)",75,100,
16-Nov-21,P03Rush Hour,Smith ST,"(0.0, 0.0)",75,100,
16-Nov-21,MP24-Wrong Direction,Charles ST,,52.5,70,
16-Nov-21,MP24-Wrong Direction,College AVE,,52.5,70,
16-Nov-21,P03Rush Hour,St Mary AVE,"(49.8913, -97.1401)",75,100,
16-Nov-21,MP24-Wrong Direction,College AVE,,52.5,70,
16-Nov-21,MP06-No Stop,Mountain AVE,,52.5,70,
16-Nov-21,MP16-No Park,William AVE W,,52.5,70,
16-Nov-21,P03Rush Hour,Main ST,"(49.8986, -97.1388)",75,100,
16-Nov-21,MP06-No Stop,Doubleday DR,,52.5,70,
16-Nov-21,MP06-No Stop,Mountain AVE,,52.5,70,
16-Nov-21,MP06-No Stop,Doubleday DR,,52.5,70,
16-Nov-21,MP16-No Park,Leamen CRES,,52.5,70,
16-Nov-21,MP16-No Park,Leamen CRES,,52.5,70,
16-Nov-21,MP06-No Stop,Doubleday DR,,52.5,70,
16-Nov-21,MP06-No Stop,Dowker AVE,,52.5,70,
16-Nov-21,MP06-No Stop,Dowker AVE,,52.5,70,
16-Nov-21,P64No Stop/Park in a taxi stand,St Mary AVE,"(0.0, 0.0)",52.5,70,
16-Nov-21,MP16-No Park,William AVE W,,52.5,70,
16-Nov-21,P03Rush Hour,York AVE,"(49.888, -97.1474)",75,100,
16-Nov-21,P03Rush Hour,York AVE,"(49.8879, -97.1477)",75,100,
16-Nov-21,P06No Stop,Langside ST,"(49.8906, -97.1561)",52.5,70,
16-Nov-21,P03Rush Hour,AV TACHE AVE,,75,100,
16-Nov-21,MP16-No Park,William AVE W,,52.5,70,
16-Nov-21,P03Rush Hour,Smith ST,"(49.8919, -97.1408)",75,100,
16-Nov-21,P01Meter Expired,St Mary AVE,"(49.8908, -97.141)",45,60,
16-Nov-21,P03Rush Hour,Donald ST,"(49.8942, -97.1441)",75,100,
16-Nov-21,P03Rush Hour,St Mary AVE,"(49.8906, -97.1427)",75,100,
16-Nov-21,P03Rush Hour,St Mary AVE,"(49.8907, -97.143)",75,100,
16-Nov-21,P03Rush Hour,St Mary AVE,"(49.8905, -97.1429)",75,100,
16-Nov-21,MP03-Rush Hour,Keewatin ST,,75,100,
16-Nov-21,MP03-Rush Hour,Keewatin ST,,75,100,
16-Nov-21,MP03-Rush Hour,Keewatin ST,,75,100,
16-Nov-21,MP03-Rush Hour,Keewatin ST,,75,100,
16-Nov-21,P15Alley,Alley,"(49.8575, -97.1389)",52.5,70,
16-Nov-21,P06No Stop,Pacific AVE,"(0.0, 0.0)",52.5,70,
16-Nov-21,MP03-Rush Hour,Keewatin ST,,75,100,
16-Nov-21,P06No Stop,McDermot AVE,"(0.0, 0.0)",52.5,70,
16-Nov-21,P14Improperly Parking,James AVE,"(0.0, 0.0)",52.5,70,
16-Nov-21,P14Improperly Parking,James AVE,"(49.899, -97.1347)",52.5,70,
16-Nov-21,P14Improperly Parking,James AVE,"(0.0, 0.0)",52.5,70,
16-Nov-21,P13Fire Hydrant,Beresford AVE,"(49.861, -97.1326)",75,100,
16-Nov-21,P16No Park,William AVE,"(49.905, -97.1573)",52.5,70,
16-Nov-21,P06No Stop,William AVE,"(0.0, 0.0)",52.5,70,
16-Nov-21,P21Obstructing- vehicle,Alley,"(49.8071, -97.1708)",75,100,
16-Nov-21,P01Meter Expired,LOT117-106 Israel Asper Way,,45,60,
16-Nov-21,P01Meter Expired,Bannatyne AVE,,45,60,
16-Nov-21,MP06-No Stop,Portage Ave.,,52.5,70,
16-Nov-21,MP06-No Stop,Garry ST,,52.5,70,
17-Nov-21,MP06-No Stop,Garry ST,,52.5,70,
17-Nov-21,P13Fire Hydrant,Good ST,"(49.8893, -97.1518)",75,100,
17-Nov-21,P12L/Z Overtime,Good ST,"(49.8892, -97.1518)",52.5,70,
17-Nov-21,P16No Park,Majorca PL,"(49.9508, -97.1725)",52.5,70,
17-Nov-21,P16No Park,Majorca PL,"(49.9508, -97.1724)",52.5,70,
17-Nov-21,P24Wrong Direction,King Edward ST,"(49.9531, -97.2064)",52.5,70,
17-Nov-21,P04Oversized Vehicle,Haggart AVE,"(0.0, 0.0)",52.5,70,
17-Nov-21,P03Rush Hour,William AVE,"(49.905, -97.158)",75,100,
17-Nov-21,MP16-No Park,William AVE W,,52.5,70,
17-Nov-21,P03Rush Hour,York AVE,"(49.8875, -97.1507)",75,100,
17-Nov-21,P03Rush Hour,William AVE,"(49.9037, -97.1542)",75,100,
17-Nov-21,MP16-No Park,William AVE W,,52.5,70,
17-Nov-21,P03Rush Hour,Bannatyne AVE,"(0.0, 0.0)",75,100,
17-Nov-21,P03Rush Hour,Portage Ave.,"(49.8907, -97.1516)",75,100,
17-Nov-21,P03Rush Hour,Corydon AVE,"(49.8726, -97.1479)",75,100,
17-Nov-21,P03Rush Hour,Corydon AVE,"(49.8726, -97.1479)",75,100,
17-Nov-21,MP22-Wrong side of Rd,Parkville DR,,52.5,70,
17-Nov-21,MP06-No Stop,Ellen ST,,52.5,70,
17-Nov-21,P54Abandoned/derelict,Chestnut ST,"(49.8829, -97.165)",225,300,
17-Nov-21,P03Rush Hour,Talbot AVE,"(49.9062, -97.1024)",75,100,
17-Nov-21,MP06-No Stop,Rougeau AVE,,52.5,70,
17-Nov-21,MP06-No Stop,Rougeau AVE,,52.5,70,
17-Nov-21,MP24-Wrong Direction,Beverley ST,,52.5,70,
17-Nov-21,MP24-Wrong Direction,Gertie ST,,52.5,70,
17-Nov-21,MP06-No Stop,William AVE W,,52.5,70,
17-Nov-21,MP06-No Stop,William AVE W,,52.5,70,
17-Nov-21,MP06-No Stop,Ellen ST,,52.5,70,
17-Nov-21,MP06-No Stop,Chancellor DR,,52.5,70,
17-Nov-21,MP06-No Stop,Chancellor DR,,52.5,70,
17-Nov-21,MP16-No Park,Pulberry ST,,52.5,70,
17-Nov-21,MP06-No Stop,Chancellor DR,,52.5,70,
17-Nov-21,MP06-No Stop,Pulberry ST,,52.5,70,
17-Nov-21,MP06-No Stop,Pulberry ST,,52.5,70,
17-Nov-21,MP06-No Stop,Chancellor DR,,52.5,70,
17-Nov-21,MP16-No Park,Pulberry ST,,52.5,70,
17-Nov-21,MP22-Wrong side of Rd,Moore AVE,,52.5,70,
17-Nov-21,MP06-No Stop,Chancellor DR,,52.5,70,
17-Nov-21,MP22-Wrong side of Rd,Barrington AVE,,52.5,70,
17-Nov-21,MP06-No Stop,Chancellor DR,,52.5,70,
17-Nov-21,MP06-No Stop,Chancellor DR,,52.5,70,
17-Nov-21,MP23-Double Parked,East Lake DR,,52.5,70,
17-Nov-21,MP24-Wrong Direction,Ross AVE W,,52.5,70,
17-Nov-21,P06No Stop,Saulteaux CRES,,52.5,70,
17-Nov-21,P05Overtime,Elgin AVE,"(49.9051, -97.1552)",52.5,70,
17-Nov-21,P06No Stop,Saulteaux CRES,,52.5,70,
17-Nov-21,P17Too close to a traffic sign,Wolever AVE,,52.5,70,
17-Nov-21,P05Overtime,Elgin AVE,"(49.9053, -97.1557)",52.5,70,
17-Nov-21,P05Overtime,Elgin AVE,"(49.9055, -97.1563)",52.5,70,
17-Nov-21,P05Overtime,Elgin AVE,"(49.9055, -97.1565)",52.5,70,
17-Nov-21,P14Improperly Parking,RUE LAURIER ST,,52.5,70,
17-Nov-21,P14Improperly Parking,RUE LAURIER ST,,52.5,70,
17-Nov-21,P01Meter Expired,Adelaide ST,"(49.8993, -97.1427)",45,60,
17-Nov-21,MP06-No Stop,Carriage RD,,52.5,70,
17-Nov-21,P16No Park,William AVE,"(49.9056, -97.1567)",52.5,70,
17-Nov-21,MP06-No Stop,Carriage RD,,52.5,70,
17-Nov-21,MP06-No Stop,Carriage RD,,52.5,70,
17-Nov-21,P14Improperly Parking,RUE LAURIER ST,,52.5,70,
17-Nov-21,P01Meter Expired,William AVE,"(49.9056, -97.1601)",45,60,
17-Nov-21,MP16-No Park,Sinawik BAY,,52.5,70,
17-Nov-21,P13Fire Hydrant,West Gate,"(0.0, 0.0)",75,100,
17-Nov-21,P14Improperly Parking,RUE LAURIER ST,,52.5,70,
17-Nov-21,P01Meter Expired,William AVE,"(0.0, 0.0)",45,60,
17-Nov-21,P14Improperly Parking,RUE LAURIER ST,,52.5,70,
17-Nov-21,P14Improperly Parking,RUE LAURIER ST,,52.5,70,
17-Nov-21,P05Overtime,Duffield ST,,52.5,70,
17-Nov-21,P13Fire Hydrant,William AVE,,75,100,
17-Nov-21,P16No Park,Inkster Garden DR,"(49.9491, -97.1965)",52.5,70,
17-Nov-21,P09Too close/in an intersection,Moncton AVE,"(0.0, 0.0)",75,100,
17-Nov-21,P01Meter Expired,Bannatyne AVE,"(0.0, 0.0)",45,60,
17-Nov-21,MP06-No Stop,William AVE,,52.5,70,
17-Nov-21,P05Overtime,Aldine ST,,52.5,70,
17-Nov-21,P06No Stop,Pacific AVE,,52.5,70,
17-Nov-21,MP16-No Park,Furby ST,,52.5,70,
17-Nov-21,P12L/Z Overtime,St Mary AVE,"(0.0, 0.0)",52.5,70,
17-Nov-21,P15Alley,Frederick AVE,,52.5,70,
17-Nov-21,MP06-No Stop,Notre Dame Ave.,,52.5,70,
17-Nov-21,MP06-No Stop,Balmoral ST,,52.5,70,
17-Nov-21,MP22-Wrong side of Rd,St George RD,,52.5,70,
17-Nov-21,MP06-No Stop,Sherbrook ST,,52.5,70,
17-Nov-21,P01Meter Expired,Graham AVE,"(49.8909, -97.1474)",45,60,
17-Nov-21,P05Overtime,Templeton AVE,"(49.9475, -97.1151)",52.5,70,
17-Nov-21,P05Overtime,Templeton AVE,"(49.9475, -97.115)",52.5,70,
17-Nov-21,P01Meter Expired,Navy WAY,"(49.8861, -97.138)",45,60,
17-Nov-21,MP23-Double Parked,Young ST,,52.5,70,
17-Nov-21,MP24-Wrong Direction,Linwood ST,,52.5,70,
17-Nov-21,P01Meter Expired,James AVE,"(49.8987, -97.1338)",45,60,
17-Nov-21,P01Meter Expired,Navy WAY,"(49.8862, -97.1381)",45,60,
17-Nov-21,MP06-No Stop,Furby ST,,52.5,70,
17-Nov-21,P05Overtime,Qu'appelle AVE,"(49.8951, -97.1497)",52.5,70,
17-Nov-21,P54Abandoned/derelict,Laurel Leaf LANE,"(49.9529, -97.1291)",225,300,
17-Nov-21,MP24-Wrong Direction,Young ST,,52.5,70,
17-Nov-21,MP06-No Stop,Broadway,,52.5,70,
17-Nov-21,P05Overtime,West Gate,,52.5,70,
17-Nov-21,P01Meter Expired,Portage Ave.,"(49.8916, -97.1492)",45,60,
17-Nov-21,P05Overtime,Templeton AVE,"(49.956, -97.1414)",52.5,70,
17-Nov-21,P05Overtime,Legion AVE,,52.5,70,
17-Nov-21,MP06-No Stop,Templeton AVE,,52.5,70,
17-Nov-21,MP06-No Stop,Templeton AVE,,52.5,70,
17-Nov-21,MP06-No Stop,Templeton AVE,,52.5,70,
17-Nov-21,P01Meter Expired,LOT135-360 MCPHILLIPS ST,,45,60,
17-Nov-21,P06No Stop,Sherbrook ST,"(49.9045, -97.156)",52.5,70,
17-Nov-21,P16No Park,Adsum DR,"(0.0, 0.0)",52.5,70,
17-Nov-21,MP16-No Park,William AVE W,,52.5,70,
17-Nov-21,P05Overtime,Jefferson AVE,"(49.9608, -97.1842)",52.5,70,
17-Nov-21,MP24-Wrong Direction,Sackville ST,,52.5,70,
17-Nov-21,P05Overtime,Toronto ST,,52.5,70,
17-Nov-21,P09Too close/in an intersection,Mosselle Drive,"(49.967, -97.1659)",75,100,
17-Nov-21,P16No Park,McDermot AVE,"(49.9024, -97.1567)",52.5,70,
17-Nov-21,P05Overtime,Toronto ST,,52.5,70,
17-Nov-21,P05Overtime,Toronto ST,,52.5,70,
17-Nov-21,P02Meter Overtime,Bannatyne AVE,"(49.9032, -97.1563)",52.5,70,
17-Nov-21,P05Overtime,Toronto ST,,52.5,70,
17-Nov-21,P16No Park,RUE DESPINS ST,,52.5,70,
17-Nov-21,MP22-Wrong side of Rd,RUE VALADE ST,,52.5,70,
17-Nov-21,P02Meter Overtime,St Mary AVE,"(49.8907, -97.1409)",52.5,70,
17-Nov-21,P01Meter Expired,McDermot AVE,"(49.8972, -97.1377)",45,60,
17-Nov-21,MP06-No Stop,AV TACHE AVE,,52.5,70,
17-Nov-21,MP06-No Stop,Dollard BLVD,,52.5,70,
17-Nov-21,MP06-No Stop,Garfield ST N,,52.5,70,
17-Nov-21,MP24-Wrong Direction,Sherburn ST,,52.5,70,
17-Nov-21,P01Meter Expired,Navy WAY,"(49.8859, -97.138)",45,60,
17-Nov-21,P12L/Z Overtime,St Mary AVE,"(49.8895, -97.148)",52.5,70,
17-Nov-21,MP06-No Stop,Wall ST E,,52.5,70,
17-Nov-21,P06No Stop,Sherbrook ST,"(49.8814, -97.1595)",52.5,70,
17-Nov-21,MP06-No Stop,Kirkbridge DR,,52.5,70,
17-Nov-21,P30Designated space,Garry ST,"(49.8897, -97.1377)",225,300,
17-Nov-21,MP06-No Stop,Kirkbridge DR,,52.5,70,
17-Nov-21,P02Meter Overtime,Garry ST,"(49.889, -97.1381)",52.5,70,
17-Nov-21,MP06-No Stop,Tim Sale DR,,52.5,70,
17-Nov-21,P30Designated space,Garry ST,"(0.0, 0.0)",225,300,
17-Nov-21,MP06-No Stop,Wall ST E,,52.5,70,
17-Nov-21,MP06-No Stop,Tim Sale DR,,52.5,70,
17-Nov-21,MP06-No Stop,Wall ST E,,52.5,70,
17-Nov-21,MP24-Wrong Direction,Downing ST,,52.5,70,
17-Nov-21,P12L/Z Overtime,York AVE,"(0.0, 0.0)",52.5,70,
17-Nov-21,MP22-Wrong side of Rd,McMillan AVE,,52.5,70,
17-Nov-21,P19Crosswalk (MRKD/UNMRKD),McMillan AVE,,52.5,70,
17-Nov-21,P01Meter Expired,Albert ST,"(49.896, -97.1407)",45,60,
17-Nov-21,P30Designated space,Kennedy ST,"(49.8869, -97.1457)",225,300,
17-Nov-21,P03Rush Hour,Smith ST,"(49.8918, -97.1414)",75,100,
17-Nov-21,P03Rush Hour,Marion ST,"(49.8814, -97.124)",75,100,
17-Nov-21,MP06-No Stop,Kirkbridge DR,,52.5,70,
17-Nov-21,P03Rush Hour,Bannatyne AVE,"(49.8981, -97.1382)",75,100,
17-Nov-21,P03Rush Hour,William AVE,"(49.9038, -97.1541)",75,100,
17-Nov-21,MP06-No Stop,Kirkbridge DR,,52.5,70,
17-Nov-21,P03Rush Hour,Maryland ST,"(49.8808, -97.161)",75,100,
17-Nov-21,P03Rush Hour,Smith ST,"(49.8911, -97.1421)",75,100,
17-Nov-21,MP06-No Stop,Kirkbridge DR,,52.5,70,
17-Nov-21,P03Rush Hour,Bannatyne AVE,"(49.8978, -97.1381)",75,100,
17-Nov-21,P03Rush Hour,Notre Dame AVE,"(49.8974, -97.1461)",75,100,
17-Nov-21,P03Rush Hour,St Mary AVE,"(49.8897, -97.1464)",75,100,
17-Nov-21,MP06-No Stop,Wall ST E,,52.5,70,
17-Nov-21,P03Rush Hour,Roch ST,"(49.924, -97.0965)",75,100,
17-Nov-21,MP06-No Stop,Wall ST E,,52.5,70,
17-Nov-21,P03Rush Hour,King ST,"(49.8968, -97.1419)",75,100,
17-Nov-21,MP06-No Stop,Wall ST E,,52.5,70,
17-Nov-21,P03Rush Hour,Smith ST,"(0.0, 0.0)",75,100,
17-Nov-21,MP06-No Stop,Wall ST E,,52.5,70,
17-Nov-21,MP06-No Stop,Wall ST E,,52.5,70,
17-Nov-21,MP06-No Stop,Wall ST E,,52.5,70,
17-Nov-21,MP06-No Stop,Wall ST E,,52.5,70,
17-Nov-21,MP24-Wrong Direction,Beresford AVE,,52.5,70,
17-Nov-21,MP06-No Stop,Wall ST E,,52.5,70,
17-Nov-21,MP06-No Stop,Wall ST E,,52.5,70,
17-Nov-21,MP06-No Stop,Dubuc ST,,52.5,70,
17-Nov-21,P03Rush Hour,King ST,"(49.8965, -97.1418)",75,100,
17-Nov-21,MP06-No Stop,Dubuc ST,,52.5,70,
17-Nov-21,MP06-No Stop,Dubuc ST,,52.5,70,
17-Nov-21,MP06-No Stop,Dubuc ST,,52.5,70,
17-Nov-21,P03Rush Hour,Portage AVE E,"(49.8953, -97.1372)",75,100,
17-Nov-21,MP06-No Stop,Dubuc ST,,52.5,70,
17-Nov-21,MP06-No Stop,Dubuc ST,,52.5,70,
17-Nov-21,MP06-No Stop,Dubuc ST,,52.5,70,
17-Nov-21,MP06-No Stop,Dubuc ST,,52.5,70,
17-Nov-21,P03Rush Hour,Broadway,"(49.8867, -97.1446)",75,100,
17-Nov-21,MP06-No Stop,Dubuc ST,,52.5,70,
17-Nov-21,MP16-No Park,Dubuc ST,,52.5,70,
17-Nov-21,MP06-No Stop,Dubuc ST,,52.5,70,
17-Nov-21,MP06-No Stop,Dubuc ST,,52.5,70,
17-Nov-21,MP06-No Stop,Dubuc ST,,52.5,70,
17-Nov-21,MP06-No Stop,Dubuc ST,,52.5,70,
17-Nov-21,P05Overtime,Edmonton ST,"(49.8979, -97.15)",52.5,70,
17-Nov-21,P03Rush Hour,McDermot AVE,"(49.8979, -97.1429)",75,100,
17-Nov-21,P05Overtime,Edmonton ST,"(49.8979, -97.15)",52.5,70,
17-Nov-21,MP16-No Park,William AVE W,,52.5,70,
17-Nov-21,MP16-No Park,William AVE W,,52.5,70,
17-Nov-21,MP16-No Park,William AVE W,,52.5,70,
17-Nov-21,P16No Park,Chokecherry COVE,"(49.839, -97.1037)",52.5,70,
17-Nov-21,P03Rush Hour,Fort ST,"(49.8878, -97.1361)",75,100,
17-Nov-21,P03Rush Hour,Fort ST,"(49.8878, -97.1361)",75,100,
17-Nov-21,P03Rush Hour,Fort ST,"(0.0, 0.0)",75,100,
17-Nov-21,P17Too close to a traffic sign,McPhail ST,"(0.0, 0.0)",52.5,70,
17-Nov-21,P10Blocked driveway,Baylor AVE,"(49.7839, -97.1527)",52.5,70,
17-Nov-21,MP06-No Stop,Island Shore BLVD,,52.5,70,
17-Nov-21,MP06-No Stop,Island Shore BLVD,,52.5,70,
17-Nov-21,MP06-No Stop,Island Shore BLVD,,52.5,70,
17-Nov-21,MP06-No Stop,Island Shore BLVD,,52.5,70,
17-Nov-21,MP06-No Stop,Island Shore BLVD,,52.5,70,
17-Nov-21,MP06-No Stop,Island Shore BLVD,,52.5,70,
17-Nov-21,MP06-No Stop,Island Shore BLVD,,52.5,70,
17-Nov-21,MP06-No Stop,Island Shore BLVD,,52.5,70,
17-Nov-21,MP06-No Stop,Island Shore BLVD,,52.5,70,
17-Nov-21,P16No Park,Beliveau RD,"(49.8367, -97.1066)",52.5,70,
17-Nov-21,P16No Park,Carlton ST,"(0.0, 0.0)",52.5,70,
17-Nov-21,P06No Stop,York AVE,"(0.0, 0.0)",52.5,70,
17-Nov-21,P06No Stop,Carlton ST,"(0.0, 0.0)",52.5,70,
17-Nov-21,P25Blocking bike/ped path,Princess ST,"(49.8979, -97.1426)",52.5,70,
17-Nov-21,P25Blocking bike/ped path,Princess ST,"(0.0, 0.0)",52.5,70,
17-Nov-21,P25Blocking bike/ped path,Princess ST,"(0.0, 0.0)",52.5,70,
17-Nov-21,P25Blocking bike/ped path,Princess ST,"(49.8982, -97.1427)",52.5,70,
17-Nov-21,MP06-No Stop,Bannatyne AVE,,52.5,70,
17-Nov-21,P13Fire Hydrant,Assiniboine AVE,"(0.0, 0.0)",75,100,
17-Nov-21,P30Designated space,Lombard AVE,"(49.896, -97.1368)",225,300,
17-Nov-21,P13Fire Hydrant,Corydon AVE,"(49.872, -97.1493)",75,100,
18-Nov-21,P13Fire Hydrant,West Gate,"(49.8781, -97.1593)",75,100,
18-Nov-21,P13Fire Hydrant,Barnes ST,"(0.0, 0.0)",75,100,
18-Nov-21,MP16-No Park,Dartmouth DR,,52.5,70,
18-Nov-21,P12L/Z Overtime,Bannatyne AVE,"(0.0, 0.0)",52.5,70,
18-Nov-21,P04Oversized Vehicle,Plymouth ST,"(49.9448, -97.19)",52.5,70,
18-Nov-21,P04Oversized Vehicle,Plymouth ST,"(49.9448, -97.1901)",52.5,70,
18-Nov-21,MP06-No Stop,Logan AVE,,52.5,70,
18-Nov-21,MP06-No Stop,Logan AVE,,52.5,70,
18-Nov-21,MP16-No Park,William AVE W,,52.5,70,
18-Nov-21,P03Rush Hour,William AVE,"(49.9046, -97.1574)",75,100,
18-Nov-21,MP03-Rush Hour,Keewatin ST,,75,100,
18-Nov-21,MP03-Rush Hour,Keewatin ST,,75,100,
18-Nov-21,P03Rush Hour,William AVE,"(49.9039, -97.1548)",75,100,
18-Nov-21,P03Rush Hour,Sherbrook ST,"(49.9035, -97.1563)",75,100,
18-Nov-21,P03Rush Hour,Stradbrook AVE,"(0.0, 0.0)",75,100,
18-Nov-21,P03Rush Hour,Stradbrook AVE,"(49.8796, -97.1395)",75,100,
18-Nov-21,MP06-No Stop,Wolseley AVE,,52.5,70,
18-Nov-21,MP06-No Stop,Cottonwood RD,,52.5,70,
18-Nov-21,MP24-Wrong Direction,Rathgar AVE,,52.5,70,
18-Nov-21,P03Rush Hour,Talbot AVE,"(0.0, 0.0)",75,100,
18-Nov-21,P30Designated space,McDermot AVE,"(0.0, 0.0)",225,300,
18-Nov-21,MP06-No Stop,Cottonwood RD,,52.5,70,
18-Nov-21,MP24-Wrong Direction,Young ST,,52.5,70,
18-Nov-21,MP06-No Stop,Jogues RD,,52.5,70,
18-Nov-21,P03Rush Hour,Talbot AVE,"(49.9075, -97.1095)",75,100,
18-Nov-21,MP06-No Stop,King Edward ST,,52.5,70,
18-Nov-21,MP06-No Stop,Jogues RD,,52.5,70,
18-Nov-21,MP06-No Stop,Jogues RD,,52.5,70,
18-Nov-21,MP24-Wrong Direction,Flye AVE,,52.5,70,
18-Nov-21,MP22-Wrong side of Rd,Canberra RD,,52.5,70,
18-Nov-21,MP24-Wrong Direction,Flye AVE,,52.5,70,
18-Nov-21,MP22-Wrong side of Rd,Canberra RD,,52.5,70,
18-Nov-21,MP22-Wrong side of Rd,Canberra RD,,52.5,70,
18-Nov-21,MP06-No Stop,Wolseley AVE,,52.5,70,
18-Nov-21,MP06-No Stop,Wolseley AVE,,52.5,70,
18-Nov-21,MP24-Wrong Direction,Oddy ST,,52.5,70,
18-Nov-21,MP16-No Park,Guildford ST,,52.5,70,
18-Nov-21,P17Too close to a traffic sign,McPhail ST,"(49.9112, -97.1157)",52.5,70,
18-Nov-21,MP06-No Stop,William AVE,,52.5,70,
18-Nov-21,MP06-No Stop,William AVE,,52.5,70,
18-Nov-21,P14Improperly Parking,RUE LAURIER ST,,52.5,70,
18-Nov-21,P09Too close/in an intersection,Mariner CRES,"(49.9564, -97.1647)",75,100,
18-Nov-21,P14Improperly Parking,RUE LAURIER ST,,52.5,70,
18-Nov-21,P14Improperly Parking,RUE LAURIER ST,,52.5,70,
18-Nov-21,P24Wrong Direction,Victor ST,,52.5,70,
18-Nov-21,P64No Stop/Park in a taxi stand,St Mary AVE,"(49.8894, -97.1475)",52.5,70,
18-Nov-21,P06No Stop,Adsum DR,"(49.9551, -97.1655)",52.5,70,
18-Nov-21,P01Meter Expired,Adelaide ST,"(49.8986, -97.1434)",45,60,
18-Nov-21,P05Overtime,Elgin AVE,"(49.9056, -97.1558)",52.5,70,
18-Nov-21,P05Overtime,Elgin AVE,"(49.9058, -97.156)",52.5,70,
18-Nov-21,MP16-No Park,Furby ST,,52.5,70,
18-Nov-21,P64No Stop/Park in a taxi stand,York AVE,"(49.8879, -97.1469)",52.5,70,
18-Nov-21,P01Meter Expired,William AVE,"(49.9055, -97.1598)",45,60,
18-Nov-21,MP16-No Park,Furby ST,,52.5,70,
18-Nov-21,MP06-No Stop,Sherbrook ST,,52.5,70,
18-Nov-21,MP16-No Park,Rouge RD,,52.5,70,
18-Nov-21,P01Meter Expired,McDermot AVE,"(0.0, 0.0)",45,60,
18-Nov-21,P62Veh.on priv.prop-Rule__,Stellarton CRES,,75,100,
18-Nov-21,MP06-No Stop,Bannatyne AVE,,52.5,70,
18-Nov-21,MP06-No Stop,Bannatyne AVE,,52.5,70,
18-Nov-21,P01Meter Expired,Bannatyne AVE,"(49.9032, -97.156)",45,60,
18-Nov-21,P17Too close to a traffic sign,Juno ST,,52.5,70,
18-Nov-21,P01Meter Expired,Bannatyne AVE,"(49.9029, -97.1554)",45,60,
18-Nov-21,MP24-Wrong Direction,Linwood ST,,52.5,70,
18-Nov-21,P01Meter Expired,Bannatyne AVE,"(0.0, 0.0)",45,60,
18-Nov-21,P13Fire Hydrant,Hargrave ST,"(49.8911, -97.1434)",75,100,
18-Nov-21,P05Overtime,Qu'appelle AVE,"(49.8948, -97.1514)",52.5,70,
18-Nov-21,MP16-No Park,Woodlawn ST,,52.5,70,
18-Nov-21,MP06-No Stop,Sherbrook ST,,52.5,70,
18-Nov-21,P05Overtime,Kennedy ST,"(49.8954, -97.1505)",52.5,70,
18-Nov-21,P05Overtime,Duffield ST,,52.5,70,
18-Nov-21,P05Overtime,Kennedy ST,"(49.8956, -97.1504)",52.5,70,
18-Nov-21,P05Overtime,Kennedy ST,"(49.8955, -97.1505)",52.5,70,
18-Nov-21,P05Overtime,Moorgate ST,,52.5,70,
18-Nov-21,P13Fire Hydrant,Corydon AVE,,75,100,
18-Nov-21,P05Overtime,Moorgate ST,,52.5,70,
18-Nov-21,P01Meter Expired,William Stephenson WAY,"(49.8932, -97.1376)",45,60,
18-Nov-21,P05Overtime,Chelsea AVE,"(49.9228, -97.0952)",52.5,70,
18-Nov-21,P30Designated space,Edmonton ST,"(49.8917, -97.1465)",225,300,
18-Nov-21,P01Meter Expired,Garry ST,"(49.8888, -97.138)",45,60,
18-Nov-21,P05Overtime,Chelsea AVE,"(0.0, 0.0)",52.5,70,
18-Nov-21,MP06-No Stop,Nassau ST N,,52.5,70,
18-Nov-21,P24Wrong Direction,Haggart AVE,,52.5,70,
18-Nov-21,P04Oversized Vehicle,Haggart AVE,,52.5,70,
18-Nov-21,MP22-Wrong side of Rd,McMillan AVE,,52.5,70,
18-Nov-21,P05Overtime,Edmonton ST,"(49.8961, -97.1493)",52.5,70,
18-Nov-21,P01Meter Expired,Garry ST,"(49.8868, -97.1366)",45,60,
18-Nov-21,P05Overtime,Edmonton ST,"(49.8963, -97.1493)",52.5,70,
18-Nov-21,P30Designated space,Taylor AVE,,225,300,
18-Nov-21,P30Designated space,Leila AVE,"(49.9534, -97.1436)",225,300,
18-Nov-21,P54Abandoned/derelict,Powers ST,,225,300,
18-Nov-21,MP26-Fire Lane,St Mary's RD,,225,300,
18-Nov-21,MP26-Fire Lane,St Mary's RD,,225,300,
18-Nov-21,MP26-Fire Lane,St Mary's RD,,225,300,
18-Nov-21,MP26-Fire Lane,St Mary's RD,,225,300,
18-Nov-21,P05Overtime,Dominion ST,,52.5,70,
18-Nov-21,MP24-Wrong Direction,Sherburn ST,,52.5,70,
18-Nov-21,P06No Stop,Adsum DR,"(49.9552, -97.1657)",52.5,70,
18-Nov-21,P01Meter Expired,McDermot AVE,"(49.8971, -97.1405)",45,60,
18-Nov-21,MP06-No Stop,Lenore ST,,52.5,70,
18-Nov-21,MP06-No Stop,Wolseley AVE,,52.5,70,
18-Nov-21,MP06-No Stop,Wolseley AVE,,52.5,70,
18-Nov-21,P01Meter Expired,McDermot AVE,"(49.897, -97.1406)",45,60,
18-Nov-21,P06No Stop,Graham AVE,"(49.8916, -97.1454)",52.5,70,
18-Nov-21,MP24-Wrong Direction,Woodlands CRES,,52.5,70,
18-Nov-21,MP22-Wrong side of Rd,Wolseley AVE,,52.5,70,
18-Nov-21,P01Meter Expired,Albert ST,"(49.8966, -97.1401)",45,60,
18-Nov-21,P16No Park,William AVE,"(49.905, -97.1575)",52.5,70,
18-Nov-21,P01Meter Expired,Albert ST,"(49.8957, -97.1402)",45,60,
18-Nov-21,P04Oversized Vehicle,Campbell ST,,52.5,70,
18-Nov-21,MP06-No Stop,Portage Ave.,,52.5,70,
18-Nov-21,MP16-No Park,Furby ST,,52.5,70,
18-Nov-21,MP06-No Stop,Sherbrook ST,,52.5,70,
18-Nov-21,P16No Park,Corydon AVE,,52.5,70,
18-Nov-21,MP06-No Stop,Balmoral ST,,52.5,70,
18-Nov-21,P01Meter Expired,Vaughan ST,"(49.8887, -97.1483)",45,60,
18-Nov-21,MP06-No Stop,Balmoral ST,,52.5,70,
18-Nov-21,MP06-No Stop,Portage Ave.,,52.5,70,
18-Nov-21,MP06-No Stop,Portage Ave.,,52.5,70,
18-Nov-21,MP20-Parked on a Boulevard,Kenny ST,,52.5,70,
18-Nov-21,MP22-Wrong side of Rd,RUE VALADE ST,,52.5,70,
18-Nov-21,P05Overtime,RUE VALADE ST,,52.5,70,
18-Nov-21,P02Meter Overtime,Hargrave ST,"(49.8956, -97.146)",52.5,70,
18-Nov-21,P05Overtime,Clifton ST,,52.5,70,
18-Nov-21,P30Designated space,Grant AVE,,225,300,
18-Nov-21,P12L/Z Overtime,York AVE,"(49.8878, -97.1473)",52.5,70,
18-Nov-21,P05Overtime,RUE VALADE ST,,52.5,70,
18-Nov-21,P13Fire Hydrant,Smith ST,"(49.8916, -97.1415)",75,100,
18-Nov-21,P05Overtime,Clifton ST,,52.5,70,
18-Nov-21,P05Overtime,RUE VALADE ST,,52.5,70,
18-Nov-21,P01Meter Expired,Kennedy ST,"(49.8868, -97.1455)",45,60,
18-Nov-21,P16No Park,Corydon AVE,,52.5,70,
18-Nov-21,P02Meter Overtime,Portage Ave.,"(49.8944, -97.1415)",52.5,70,
18-Nov-21,P16No Park,RUE DESPINS ST,,52.5,70,
18-Nov-21,MP06-No Stop,Pacific AVE,,52.5,70,
18-Nov-21,P02Meter Overtime,Kennedy ST,"(49.8871, -97.1458)",52.5,70,
18-Nov-21,MP24-Wrong Direction,Parade DR,,52.5,70,
18-Nov-21,P01Meter Expired,LOT117-106 Israel Asper Way,"(49.8924, -97.1341)",45,60,
18-Nov-21,MP24-Wrong Direction,Lincrest RD,,52.5,70,
18-Nov-21,MP06-No Stop,Lindenwood DR E,,52.5,70,
18-Nov-21,P01Meter Expired,LOT117-106 Israel Asper Way,"(49.8922, -97.1341)",45,60,
18-Nov-21,MP06-No Stop,Lindenwood DR E,,52.5,70,
18-Nov-21,P01Meter Expired,LOT2-601 AIKINS,,45,60,
18-Nov-21,MP06-No Stop,Roberts CRES,,52.5,70,
18-Nov-21,P01Meter Expired,LOT117-106 Israel Asper Way,"(49.8922, -97.1343)",45,60,
18-Nov-21,MP06-No Stop,Lindenwood DR E,,52.5,70,
18-Nov-21,P03Rush Hour,Smith ST,"(49.8926, -97.1415)",75,100,
18-Nov-21,P03Rush Hour,Maryland ST,"(49.885, -97.1609)",75,100,
18-Nov-21,MP06-No Stop,Lindenwood DR E,,52.5,70,
18-Nov-21,P03Rush Hour,King ST,"(49.8965, -97.1421)",75,100,
18-Nov-21,MP06-No Stop,Lindenwood DR E,,52.5,70,
18-Nov-21,P03Rush Hour,Henderson HWY,"(49.9378, -97.0928)",75,100,
18-Nov-21,P03Rush Hour,Donald ST,"(49.8901, -97.1418)",75,100,
18-Nov-21,MP06-No Stop,Lindenwood DR E,,52.5,70,
18-Nov-21,MP22-Wrong side of Rd,Wethersfield RD,,52.5,70,
18-Nov-21,MP06-No Stop,Forest Park DR,,52.5,70,
18-Nov-21,P03Rush Hour,Stafford ST,"(49.8702, -97.1631)",75,100,
18-Nov-21,P06No Stop,Albert ST,"(49.896, -97.1405)",52.5,70,
18-Nov-21,MP06-No Stop,Forest Park DR,,52.5,70,
18-Nov-21,P03Rush Hour,Brazier ST,"(0.0, 0.0)",75,100,
18-Nov-21,MP06-No Stop,Enfield CRES,,52.5,70,
18-Nov-21,P03Rush Hour,Stafford ST,"(49.8709, -97.1636)",75,100,
18-Nov-21,MP06-No Stop,Enfield CRES,,52.5,70,
18-Nov-21,MP06-No Stop,Enfield CRES,,52.5,70,
18-Nov-21,MP06-No Stop,Enfield CRES,,52.5,70,
18-Nov-21,MP06-No Stop,Enfield CRES,,52.5,70,
18-Nov-21,MP22-Wrong side of Rd,Bertrand ST,,52.5,70,
18-Nov-21,P03Rush Hour,Portage Ave.,"(49.8824, -97.1895)",75,100,
18-Nov-21,MP03-Rush Hour,Keewatin ST,,75,100,
18-Nov-21,MP03-Rush Hour,Keewatin ST,,75,100,
18-Nov-21,MP03-Rush Hour,Keewatin ST,,75,100,
18-Nov-21,P03Rush Hour,St Mary AVE,"(49.8897, -97.1464)",75,100,
18-Nov-21,P14Improperly Parking,Aster AVE,"(0.0, 0.0)",52.5,70,
18-Nov-21,P12L/Z Overtime,Balmoral ST,"(49.8922, -97.1525)",52.5,70,
18-Nov-21,MP16-No Park,William AVE W,,52.5,70,
18-Nov-21,P03Rush Hour,Donald ST,"(49.8913, -97.1419)",75,100,
18-Nov-21,MP03-Rush Hour,Keewatin ST,,75,100,
18-Nov-21,P03Rush Hour,Donald ST,"(0.0, 0.0)",75,100,
18-Nov-21,P03Rush Hour,Donald ST,"(49.8904, -97.1421)",75,100,
18-Nov-21,P16No Park,Dalhousie DR,"(49.7962, -97.1532)",52.5,70,
18-Nov-21,P06No Stop,McDermot AVE,"(49.9044, -97.1636)",52.5,70,
18-Nov-21,P16No Park,William AVE,"(0.0, 0.0)",52.5,70,
18-Nov-21,MP06-No Stop,William AVE,,52.5,70,
18-Nov-21,P13Fire Hydrant,Market AVE,"(0.0, 0.0)",75,100,
18-Nov-21,P17Too close to a traffic sign,Morrow AVE,"(49.8525, -97.1014)",52.5,70,
18-Nov-21,P13Fire Hydrant,Garry ST,"(49.8866, -97.1369)",75,100,
18-Nov-21,P15Alley,Alley,"(49.8567, -97.1415)",52.5,70,
18-Nov-21,P24Wrong Direction,Glenboro PL,"(49.9583, -97.1037)",52.5,70,
18-Nov-21,P24Wrong Direction,Glenboro PL,"(49.9584, -97.1039)",52.5,70,
18-Nov-21,MP06-No Stop,Spence ST,,52.5,70,
18-Nov-21,P13Fire Hydrant,Smith ST,"(49.8911, -97.1409)",75,100,
18-Nov-21,P06No Stop,Ellice AVE,"(0.0, 0.0)",52.5,70,
18-Nov-21,P14Improperly Parking,York AVE,"(0.0, 0.0)",52.5,70,
18-Nov-21,P13Fire Hydrant,Burning Glass RD,"(49.8342, -97.0455)",75,100,
18-Nov-21,P13Fire Hydrant,Market AVE,"(0.0, 0.0)",75,100,
18-Nov-21,P30Designated space,Rorie ST,"(49.8983, -97.1362)",225,300,
18-Nov-21,P01Meter Expired,LOT117-106 Israel Asper Way,,45,60,
18-Nov-21,MP06-No Stop,William AVE,,52.5,70,
18-Nov-21,P12L/Z Overtime,Hargrave ST,"(0.0, 0.0)",52.5,70,
18-Nov-21,P06No Stop,Carlton ST,"(49.8861, -97.1423)",52.5,70,
18-Nov-21,P17Too close to a traffic sign,Bayfield AVE,"(49.8476, -97.0978)",52.5,70,
19-Nov-21,P13Fire Hydrant,Morrow AVE,"(49.8532, -97.0999)",75,100,
19-Nov-21,P13Fire Hydrant,Enfield CRES,"(49.8833, -97.113)",75,100,
19-Nov-21,P20Parked on a Boulevard,St Michael RD,"(49.826, -97.1343)",52.5,70,
19-Nov-21,MP24-Wrong Direction,Ulster ST,,52.5,70,
19-Nov-21,P04Oversized Vehicle,Kirkbridge DR,"(49.7841, -97.1625)",52.5,70,
19-Nov-21,P13Fire Hydrant,Frances ST,"(49.8988, -97.1481)",75,100,
19-Nov-21,P14Improperly Parking,James AVE,"(49.8993, -97.1357)",52.5,70,
19-Nov-21,P04Oversized Vehicle,Haggart AVE,"(0.0, 0.0)",52.5,70,
19-Nov-21,P06No Stop,Colony ST,"(49.8858, -97.1514)",52.5,70,
19-Nov-21,P19Crosswalk (MRKD/UNMRKD),Bryce ST,"(49.881, -97.1442)",52.5,70,
19-Nov-21,P16No Park,Langside ST,"(49.8855, -97.1567)",52.5,70,
19-Nov-21,MP03-Rush Hour,Keewatin ST,,75,100,
19-Nov-21,MP03-Rush Hour,Keewatin ST,,75,100,
19-Nov-21,P03Rush Hour,William AVE,"(0.0, 0.0)",75,100,
19-Nov-21,P03Rush Hour,Bannatyne AVE,"(49.8977, -97.138)",75,100,
19-Nov-21,P03Rush Hour,Smith ST,"(49.889, -97.1395)",75,100,
19-Nov-21,P03Rush Hour,Smith ST,"(49.8897, -97.1397)",75,100,
19-Nov-21,P03Rush Hour,McGregor ST,"(0.0, 0.0)",75,100,
19-Nov-21,P03Rush Hour,Corydon AVE,"(49.8698, -97.1567)",75,100,
19-Nov-21,P03Rush Hour,Corydon AVE,"(49.8692, -97.1582)",75,100,
19-Nov-21,MP06-No Stop,Wellington CRES,,52.5,70,
19-Nov-21,P03Rush Hour,William AVE,"(49.9044, -97.1575)",75,100,
19-Nov-21,P17Too close to a traffic sign,Aubrey ST,"(49.8821, -97.1752)",52.5,70,
19-Nov-21,P03Rush Hour,Talbot AVE,"(49.9067, -97.106)",75,100,
19-Nov-21,P03Rush Hour,McGregor ST,"(49.9299, -97.1391)",75,100,
19-Nov-21,P17Too close to a traffic sign,Langside ST,"(49.8839, -97.1566)",52.5,70,
19-Nov-21,MP24-Wrong Direction,Harvard AVE E,,52.5,70,
19-Nov-21,MP20-Parked on a Boulevard,Alverstone ST,,52.5,70,
19-Nov-21,MP06-No Stop,Alverstone ST,,52.5,70,
19-Nov-21,MP06-No Stop,Balmoral ST,,52.5,70,
19-Nov-21,MP16-No Park,Cornish AVE,,52.5,70,
19-Nov-21,MP06-No Stop,Home ST,,52.5,70,
19-Nov-21,MP16-No Park,Preston AVE,,52.5,70,
19-Nov-21,P13Fire Hydrant,Haggart AVE,"(0.0, 0.0)",75,100,
19-Nov-21,P24Wrong Direction,Louelda ST,"(0.0, 0.0)",52.5,70,
19-Nov-21,MP06-No Stop,Nassau ST N,,52.5,70,
19-Nov-21,MP06-No Stop,Wolseley AVE,,52.5,70,
19-Nov-21,MP06-No Stop,Sherbrook ST,,52.5,70,
19-Nov-21,P05Overtime,Furby ST,,52.5,70,
19-Nov-21,MP24-Wrong Direction,Lodge AVE,,52.5,70,
19-Nov-21,P17Too close to a traffic sign,McMillan AVE,,52.5,70,
19-Nov-21,MP16-No Park,Langside ST,,52.5,70,
19-Nov-21,MP06-No Stop,Bannatyne AVE,,52.5,70,
19-Nov-21,P01Meter Expired,Bannatyne AVE,"(0.0, 0.0)",45,60,
19-Nov-21,MP06-No Stop,Bannatyne AVE,,52.5,70,
19-Nov-21,P17Too close to a traffic sign,Wentworth ST,,52.5,70,
19-Nov-21,MP06-No Stop,Colony ST,,52.5,70,
19-Nov-21,MP06-No Stop,Sherbrook ST,,52.5,70,
19-Nov-21,P05Overtime,Victor ST,,52.5,70,
19-Nov-21,MP06-No Stop,Westwood DR,,52.5,70,
19-Nov-21,P05Overtime,Victor ST,,52.5,70,
19-Nov-21,P05Overtime,Victor ST,,52.5,70,
19-Nov-21,P26Fire Lane,Taylor AVE,,225,300,
19-Nov-21,MP06-No Stop,Balmoral ST,,52.5,70,
19-Nov-21,P05Overtime,Victor ST,,52.5,70,
19-Nov-21,P05Overtime,Furby ST,,52.5,70,
19-Nov-21,P05Overtime,Elgin AVE,"(49.9051, -97.1554)",52.5,70,
19-Nov-21,P62Veh.on priv.prop-Rule__,Rothesay ST,"(49.9522, -97.0665)",75,100,
19-Nov-21,P01Meter Expired,Navy WAY,"(49.8862, -97.138)",45,60,
19-Nov-21,P62Veh.on priv.prop-Rule__,Southwood AVE,,75,100,
19-Nov-21,P01Meter Expired,Navy WAY,"(49.8863, -97.1383)",45,60,
19-Nov-21,MP16-No Park,Crane AVE,,52.5,70,
19-Nov-21,MP22-Wrong side of Rd,Beliveau RD,,52.5,70,
19-Nov-21,P05Overtime,Rowandale AVE,"(0.0, 0.0)",52.5,70,
19-Nov-21,MP06-No Stop,Portage Ave.,,52.5,70,
19-Nov-21,P05Overtime,Larchdale CRES,"(0.0, 0.0)",52.5,70,
19-Nov-21,MP06-No Stop,Colony ST,,52.5,70,
19-Nov-21,P05Overtime,Larchdale CRES,"(0.0, 0.0)",52.5,70,
19-Nov-21,MP06-No Stop,Portage Ave.,,52.5,70,
19-Nov-21,P05Overtime,Duffield ST,,52.5,70,
19-Nov-21,MP24-Wrong Direction,Young ST,,52.5,70,
19-Nov-21,MP22-Wrong side of Rd,Berrydale AVE,,52.5,70,
19-Nov-21,MP24-Wrong Direction,Oxford ST,,52.5,70,
19-Nov-21,MP06-No Stop,Sara AVE,,52.5,70,
19-Nov-21,P13Fire Hydrant,Smith ST,"(49.8914, -97.1416)",75,100,
19-Nov-21,MP06-No Stop,Lodge AVE,,52.5,70,
19-Nov-21,MP06-No Stop,Portage Ave.,,52.5,70,
19-Nov-21,MP24-Wrong Direction,Wolseley AVE,,52.5,70,
19-Nov-21,P62Veh.on priv.prop-Rule__,Coral Reef COVE,,75,100,
19-Nov-21,P06No Stop,Wellington CRES,,52.5,70,
19-Nov-21,MP16-No Park,Corydon AVE,,52.5,70,
19-Nov-21,P13Fire Hydrant,Garry ST,"(49.8919, -97.1391)",75,100,
19-Nov-21,MP24-Wrong Direction,Gertrude AVE,,52.5,70,
19-Nov-21,MP06-No Stop,Portage Ave.,,52.5,70,
19-Nov-21,MP06-No Stop,Portage Ave.,,52.5,70,
19-Nov-21,MP06-No Stop,Colony ST,,52.5,70,
19-Nov-21,MP06-No Stop,Portage Ave.,,52.5,70,
19-Nov-21,MP06-No Stop,Portage Ave.,,52.5,70,
19-Nov-21,MP06-No Stop,Balmoral ST,,52.5,70,
19-Nov-21,MP16-No Park,Balmoral ST,,52.5,70,
19-Nov-21,MP16-No Park,Balmoral ST,,52.5,70,
19-Nov-21,MP06-No Stop,Balmoral ST,,52.5,70,
19-Nov-21,MP16-No Park,Langside ST,,52.5,70,
19-Nov-21,MP06-No Stop,Balmoral ST,,52.5,70,
19-Nov-21,MP06-No Stop,Rouge RD,,52.5,70,
19-Nov-21,P05Overtime,Elgin AVE,"(49.9051, -97.1555)",52.5,70,
19-Nov-21,P06No Stop,Edison AVE,"(0.0, 0.0)",52.5,70,
19-Nov-21,P13Fire Hydrant,Osborne ST,"(49.8866, -97.1501)",75,100,
19-Nov-21,P05Overtime,Elgin AVE,"(49.9053, -97.1556)",52.5,70,
19-Nov-21,P06No Stop,Carmen AVE,"(0.0, 0.0)",52.5,70,
19-Nov-21,MP06-No Stop,Portage Ave.,,52.5,70,
19-Nov-21,P05Overtime,Elgin AVE,"(49.9053, -97.156)",52.5,70,
19-Nov-21,MP06-No Stop,Portage Ave.,,52.5,70,
19-Nov-21,MP06-No Stop,Sherbrook ST,,52.5,70,
19-Nov-21,P05Overtime,Elgin AVE,"(49.9051, -97.1561)",52.5,70,
19-Nov-21,P05Overtime,Elgin AVE,"(49.9055, -97.1564)",52.5,70,
19-Nov-21,MP06-No Stop,Portage Ave.,,52.5,70,
19-Nov-21,MP24-Wrong Direction,Furby ST,,52.5,70,
19-Nov-21,MP16-No Park,Furby ST,,52.5,70,
19-Nov-21,P05Overtime,Elgin AVE,"(49.9053, -97.1563)",52.5,70,
19-Nov-21,P05Overtime,Elgin AVE,"(49.9054, -97.1567)",52.5,70,
19-Nov-21,P05Overtime,Elgin AVE,"(49.9055, -97.1568)",52.5,70,
19-Nov-21,P01Meter Expired,Vaughan ST,"(49.8887, -97.1481)",45,60,
19-Nov-21,MP24-Wrong Direction,McMillan AVE,,52.5,70,
19-Nov-21,P05Overtime,Elgin AVE,"(49.9056, -97.157)",52.5,70,
19-Nov-21,MP16-No Park,Novavista DR,,52.5,70,
19-Nov-21,MP22-Wrong side of Rd,Woodydell AVE,,52.5,70,
19-Nov-21,P06No Stop,Cottonwood RD,,52.5,70,
19-Nov-21,P05Overtime,RUE VALADE ST,,52.5,70,
19-Nov-21,P01Meter Expired,Vaughan ST,"(49.8886, -97.1483)",45,60,
19-Nov-21,P14Improperly Parking,Albert ST,"(49.896, -97.1411)",52.5,70,
19-Nov-21,P05Overtime,Elgin AVE,"(49.906, -97.1572)",52.5,70,
19-Nov-21,P05Overtime,RUE VALADE ST,,52.5,70,
19-Nov-21,P05Overtime,Elgin AVE,"(49.9057, -97.1576)",52.5,70,
19-Nov-21,P16No Park,Langside ST,"(49.8855, -97.1565)",52.5,70,
19-Nov-21,P14Improperly Parking,Adelaide ST,"(49.8992, -97.1427)",52.5,70,
19-Nov-21,P05Overtime,McGee ST,,52.5,70,
19-Nov-21,P13Fire Hydrant,Garry ST,"(0.0, 0.0)",75,100,
19-Nov-21,P14Improperly Parking,Adelaide ST,"(49.8992, -97.1427)",52.5,70,
19-Nov-21,P14Improperly Parking,Adelaide ST,"(0.0, 0.0)",52.5,70,
19-Nov-21,P14Improperly Parking,Adelaide ST,"(49.8992, -97.1428)",52.5,70,
19-Nov-21,P05Overtime,McGee ST,,52.5,70,
19-Nov-21,MP06-No Stop,Vermillion RD,,52.5,70,
19-Nov-21,P14Improperly Parking,James AVE,"(0.0, 0.0)",52.5,70,
19-Nov-21,MP24-Wrong Direction,Andrews ST,,52.5,70,
19-Nov-21,MP24-Wrong Direction,Machray AVE,,52.5,70,
19-Nov-21,P30Designated space,McDermot AVE,"(49.903, -97.1592)",225,300,
19-Nov-21,P30Designated space,Spence ST,"(49.8925, -97.1537)",225,300,
19-Nov-21,P03Rush Hour,Henderson HWY,"(0.0, 0.0)",75,100,
19-Nov-21,P03Rush Hour,Bannatyne AVE,"(49.8978, -97.1386)",75,100,
19-Nov-21,P03Rush Hour,Marion ST,"(49.8817, -97.1257)",75,100,
19-Nov-21,P03Rush Hour,Bannatyne AVE,"(49.898, -97.1382)",75,100,
19-Nov-21,MP24-Wrong Direction,Sinclair ST,,52.5,70,
19-Nov-21,P03Rush Hour,Henderson HWY,"(49.9387, -97.092)",75,100,
19-Nov-21,MP03-Rush Hour,Sherbrook ST,"(49.9037, -97.156)",75,100,
19-Nov-21,P03Rush Hour,Smith ST,"(0.0, 0.0)",75,100,
19-Nov-21,P03Rush Hour,Bannatyne AVE,"(0.0, 0.0)",75,100,
19-Nov-21,P03Rush Hour,Marion ST,"(49.8817, -97.1258)",75,100,
19-Nov-21,P03Rush Hour,Broadway,"(49.8855, -97.154)",75,100,
19-Nov-21,P03Rush Hour,Marion ST,"(49.8814, -97.1244)",75,100,
19-Nov-21,MP16-No Park,William AVE W,,52.5,70,
19-Nov-21,P03Rush Hour,King ST,"(49.8985, -97.1408)",75,100,
19-Nov-21,P03Rush Hour,St Mary AVE,"(49.8898, -97.1457)",75,100,
19-Nov-21,P03Rush Hour,St Mary AVE,"(0.0, 0.0)",75,100,
19-Nov-21,P03Rush Hour,AV TACHE AVE,"(49.8812, -97.1235)",75,100,
19-Nov-21,P03Rush Hour,King ST,"(49.8985, -97.1409)",75,100,
19-Nov-21,P03Rush Hour,Talbot AVE,"(0.0, 0.0)",75,100,
19-Nov-21,P03Rush Hour,Notre Dame Ave.,"(49.8997, -97.1534)",75,100,
19-Nov-21,P03Rush Hour,Pembina HWY,"(0.0, 0.0)",75,100,
19-Nov-21,P03Rush Hour,York AVE,"(49.8879, -97.142)",75,100,
19-Nov-21,P03Rush Hour,Goulet ST,,75,100,
19-Nov-21,MP24-Wrong Direction,Elgin AVE,,52.5,70,
19-Nov-21,MP03-Rush Hour,Keewatin ST,,75,100,
19-Nov-21,P03Rush Hour,Portage Ave.,"(49.8848, -97.1721)",75,100,
19-Nov-21,P03Rush Hour,Osborne ST,"(49.8617, -97.1318)",75,100,
19-Nov-21,P04Oversized Vehicle,Inkster BLVD,"(0.0, 0.0)",52.5,70,
19-Nov-21,MP16-No Park,William AVE W,,52.5,70,
19-Nov-21,P03Rush Hour,Donald ST,"(49.8865, -97.1397)",75,100,
19-Nov-21,MP16-No Park,William AVE W,,52.5,70,
19-Nov-21,P03Rush Hour,Donald ST,"(49.8883, -97.14)",75,100,
19-Nov-21,MP16-No Park,William AVE W,,52.5,70,
19-Nov-21,P04Oversized Vehicle,RUE LE MAIRE ST,"(49.7661, -97.1647)",52.5,70,
19-Nov-21,P05Overtime,Elgin AVE,,52.5,70,
19-Nov-21,P16No Park,Market AVE,"(49.8982, -97.1349)",52.5,70,
19-Nov-21,P13Fire Hydrant,Arthur ST,,75,100,
19-Nov-21,P12L/Z Overtime,Balmoral ST,"(0.0, 0.0)",52.5,70,
19-Nov-21,P04Oversized Vehicle,Maplegrove RD,"(0.0, 0.0)",52.5,70,
19-Nov-21,P13Fire Hydrant,Arundel RD,"(49.8705, -97.0872)",75,100,
19-Nov-21,P06No Stop,Portage Ave.,"(49.8908, -97.1512)",52.5,70,
19-Nov-21,P06No Stop,Portage Ave.,"(49.8909, -97.1512)",52.5,70,
19-Nov-21,P06No Stop,Lodge AVE,"(0.0, 0.0)",52.5,70,
19-Nov-21,P04Oversized Vehicle,Kaur Umber Trail,"(49.9573, -97.1987)",52.5,70,
19-Nov-21,P06No Stop,Carlton ST,"(49.8905, -97.1447)",52.5,70,
19-Nov-21,P06No Stop,Corydon AVE,"(0.0, 0.0)",52.5,70,
19-Nov-21,P06No Stop,Smith ST,"(49.8908, -97.1406)",52.5,70,
19-Nov-21,P21Obstructing- vehicle,Ambergate DR,"(0.0, 0.0)",75,100,
19-Nov-21,P06No Stop,King ST,"(49.8972, -97.1421)",52.5,70,
19-Nov-21,P06No Stop,Rorie ST,"(49.8979, -97.1363)",52.5,70,
19-Nov-21,P04Oversized Vehicle,Elm Park RD,"(49.8578, -97.1128)",52.5,70,
19-Nov-21,P06No Stop,York AVE,"(49.8898, -97.1387)",52.5,70,
19-Nov-21,P30Designated space,Rorie ST,"(49.8989, -97.137)",225,300,
19-Nov-21,P30Designated space,Rorie ST,"(49.898, -97.137)",225,300,
19-Nov-21,MP06-No Stop,Bannatyne AVE,,52.5,70,
19-Nov-21,MP06-No Stop,Bannatyne AVE,,52.5,70,
19-Nov-21,P54Abandoned/derelict,Agnes ST,"(49.8994, -97.1616)",225,300,
19-Nov-21,P54Abandoned/derelict,Agnes ST,"(49.8994, -97.1616)",225,300,
19-Nov-21,P13Fire Hydrant,Garry ST,"(0.0, 0.0)",75,100,
19-Nov-21,MP06-No Stop,Hargrave ST,,52.5,70,
19-Nov-21,MP06-No Stop,Cumberland AVE,,52.5,70,
20-Nov-21,P16No Park,LOT128-960 THOMAS,"(49.8991, -97.0841)",52.5,70,
20-Nov-21,MP06-No Stop,Enfield CRES,,52.5,70,
20-Nov-21,MP24-Wrong Direction,Bertrand ST,,52.5,70,
20-Nov-21,P17Too close to a traffic sign,El Tassi DR,"(49.9025, -97.0488)",52.5,70,
21-Mar-22,MP24-Wrong Direction,Bridge Lake DR,,52.5,70,
20-Nov-21,P17Too close to a traffic sign,Adamar RD,"(49.8247, -97.1524)",52.5,70,
20-Nov-21,P16No Park,Ross AVE,"(49.9027, -97.1448)",52.5,70,
20-Nov-21,P12L/Z Overtime,William AVE,"(49.9048, -97.1572)",52.5,70,
20-Nov-21,P13Fire Hydrant,Park East DR,"(49.7924, -97.1962)",75,100,
20-Nov-21,P14Improperly Parking,James AVE,"(0.0, 0.0)",52.5,70,
20-Nov-21,P06No Stop,William R. Clement PKY,"(49.8605, -97.2676)",52.5,70,
20-Nov-21,P24Wrong Direction,McLean ST,"(0.0, 0.0)",52.5,70,
20-Nov-21,P06No Stop,Assiniboine AVE,"(49.8865, -97.1359)",52.5,70,
20-Nov-21,P12L/Z Overtime,Edmonton ST,"(0.0, 0.0)",52.5,70,
20-Nov-21,P12L/Z Overtime,Hargrave ST,"(49.8863, -97.1405)",52.5,70,
20-Nov-21,P12L/Z Overtime,Hargrave ST,"(0.0, 0.0)",52.5,70,
20-Nov-21,P06No Stop,Enfield CRES,"(49.8834, -97.113)",52.5,70,
20-Nov-21,MP24-Wrong Direction,Bertrand ST,,52.5,70,
20-Nov-21,MP06-No Stop,AV TACHE AVE,,52.5,70,
20-Nov-21,P13Fire Hydrant,Dartmouth DR,,75,100,
20-Nov-21,P13Fire Hydrant,Assiniboine AVE,"(49.8848, -97.1407)",75,100,
20-Nov-21,P16No Park,Corydon AVE,,52.5,70,
20-Nov-21,P13Fire Hydrant,Park East DR,"(49.9029, -97.1452)",75,100,
20-Nov-21,P13Fire Hydrant,Corydon AVE,,75,100,
20-Nov-21,P06No Stop,Grosvenor AVE,,52.5,70,
20-Nov-21,MP06-No Stop,Stradbrook AVE,,52.5,70,
20-Nov-21,P06No Stop,Bole ST,,52.5,70,
20-Nov-21,MP06-No Stop,Osborne ST,,52.5,70,
20-Nov-21,MP06-No Stop,Osborne ST,,52.5,70,
20-Nov-21,MP06-No Stop,Osborne ST,,52.5,70,
20-Nov-21,P30Designated space,Rupert AVE,"(0.0, 0.0)",225,300,
20-Nov-21,P30Designated space,Rorie ST,"(0.0, 0.0)",225,300,
20-Nov-21,P01Meter Expired,Waterfront DR,,45,60,
20-Nov-21,P01Meter Expired,Waterfront DR,,45,60,
